File, Query, NN + BS Mean, NN + BS DevStd
uni01, 10, 0.000000160961538, 0.000000102146164
