{
    "uni01": {
        "Overhead": 1.5625,
        "Space": 0.001953125,
        "epsilon": 8.0,
        "time": 0.0011660000000000004,
        "meanTime": 2.2773437500000007e-06
    }
}