{"uni01.sorted": {"Overhead": 1.5625, "Space": 0.001953125, "epsilon": 8.0, "time": 0.018199999999999994, "meanTime": 3.554687499999999e-05}}